구절	교정전	교정후
Genesis 4:22	Tubal-cain,	Tubalcain,
Genesis 4:22	Tubal-cain	Tubalcain
Genesis 12:8	Beth-el,	Bethel,
Genesis 12:8	Beth-el	Bethel
Genesis 13:3	Beth-el,	Bethel,
Genesis 13:3	Beth-el	Bethel
Genesis 14:6	El-paran,	Elparan,
Genesis 14:7	En-mishpat,	Enmishpat,
Genesis 14:7	Hazezon-tamar.	Hazezontamar.
Genesis 15:13	their's,	theirs,
Genesis 16:14	Beer-lahai-roi;	Beerlahairoi;
Genesis 19:38	Ben-ammi:	Benammi:
Genesis 21:14	Beer-sheba.	Beersheba.
Genesis 21:31	Beer-sheba;	Beersheba;
Genesis 21:32	Beer-sheba:	Beersheba:
Genesis 21:33	Beer-sheba,	Beersheba,
Genesis 22:14	Jehovah-jireh:	Jehovahjireh:
Genesis 22:19	Beer-sheba;	Beersheba;
Genesis 22:19	Beer-sheba.	Beersheba.
Genesis 23:2	Kirjath-arba;	Kirjatharba;
Genesis 24:62	Lahai-roi;	Lahairoi;
Genesis 25:11	Lahai-roi.	Lahairoi.
Genesis 25:20	Padan-aram,	Padanaram,
Genesis 26:20	our's:	ours:
Genesis 26:23	Beer-sheba.	Beersheba.
Genesis 26:33	Beer-sheba	Beersheba
Genesis 28:2	Padan-aram,	Padanaram,
Genesis 28:5	Padan-aram	Padanaram
Genesis 28:6	Padan-aram,	Padanaram,
Genesis 28:7	Padan-aram;	Padanaram;
Genesis 28:10	Beer-sheba,	Beersheba,
Genesis 28:19	Beth-el:	Bethel:
Genesis 31:13	Beth-el,	Bethel,
Genesis 31:16	our's,	ours,
Genesis 31:18	Padan-aram,	Padanaram,
Genesis 33:18	Padan-aram;	Padanaram;
Genesis 33:20	El-elohe-Israel.	Elelohe-Israel.
Genesis 34:23	their's	theirs
Genesis 34:23	our's?	ours?
Genesis 35:1	Beth-el,	Bethel,
Genesis 35:3	Beth-el;	Bethel;
Genesis 35:6	Beth-el,	Bethel,
Genesis 35:7	El-beth-el:	Elbethel:
Genesis 35:8	Beth-el	Bethel
Genesis 35:8	Allon-bachuth.	Allonbachuth.
Genesis 35:9	Padan-aram,	Padanaram,
Genesis 35:15	Beth-el.	Bethel.
Genesis 35:16	Beth-el;	Bethel;
Genesis 35:18	Ben-oni:	Benoni:
Genesis 35:19	Beth-lehem.	Bethlehem.
Genesis 35:26	Padan-aram.	Padanaram.
Genesis 36:38	Baal-hanan	Baalhanan
Genesis 36:39	Baal-hanan	Baalhanan
Genesis 41:45	Zaphnath-paaneah;	Zaphnathpaaneah;
Genesis 41:45	Poti-pherah	Potipherah
Genesis 41:50	Poti-pherah	Potipherah
Genesis 41:56	And	and
Genesis 43:34	their's.	theirs.
Genesis 45:20	your's.	yours.
Genesis 46:1	Beer-sheba,	Beersheba,
Genesis 46:5	Beer-sheba:	Beersheba:
Genesis 46:15	Padan-aram,	Padanaram,
Genesis 46:20	Poti-pherah	Potipherah
Genesis 48:7	Beth-lehem.	Bethlehem.
Genesis 50:11	Abel-mizraim,	Abelmizraim,
Exodus 14:2	Pi-hahiroth,	Pihahiroth,
Exodus 14:2	Baal-zephon:	Baalzephon:
Exodus 14:9	Pi-hahiroth,	Pihahiroth,
Exodus 14:9	Baal-zephon.	Baalzephon.
Exodus 17:15	Jehovah-nissi:	Jehovahnissi:
Exodus 29:9	their's	theirs
Leviticus 18:10	their's	theirs
Numbers 11:34	Kibroth-hattaavah:	Kibrothhattaavah:
Numbers 11:35	Kibroth-hattaavah	Kibrothhattaavah
Numbers 16:26	their's,	theirs,
Numbers 18:9	their's,	theirs,
Numbers 18:9	their's,	theirs,
Numbers 18:9	their's,	theirs,
Numbers 18:9	their's,	theirs,
Numbers 21:11	Ije-abarim,	Ijeabarim,
Numbers 22:39	Kirjath-huzoth.	Kirjathhuzoth.
Numbers 25:3	Baal-peor:	Baalpeor:
Numbers 25:5	Baal-peor.	Baalpeor.
Numbers 32:8	Kadesh-barnea	Kadeshbarnea
Numbers 32:32	our's.	ours.
Numbers 32:36	Beth-nimrah,	Bethnimrah,
Numbers 32:36	Beth-haran,	Bethharan,
Numbers 32:38	Baal-meon,	Baalmeon,
Numbers 32:41	Havoth-jair.	Havothjair.
Numbers 33:7	Pi-hahiroth,	Pihahiroth,
Numbers 33:7	Baal-zephon:	Baalzephon:
Numbers 33:8	Pi-hahiroth,	Pihahiroth,
Numbers 33:16	Kibroth-hattaavah.	Kibrothhattaavah.
Numbers 33:17	Kibroth-hattaavah,	Kibrothhattaavah,
Numbers 33:19	Rimmon-parez.	Rimmonparez.
Numbers 33:20	Rimmon-parez,	Rimmonparez,
Numbers 33:31	Bene-jaakan.	Benejaakan.
Numbers 33:32	Bene-jaakan,	Benejaakan,
Numbers 33:32	Hor-hagidgad.	Horhagidgad.
Numbers 33:33	Hor-hagidgad,	Horhagidgad,
Numbers 33:35	Ezion-gaber.	Eziongaber.
Numbers 33:36	Ezion-gaber,	Eziongaber,
Numbers 33:44	Ije-abarim,	Ijeabarim,
Numbers 33:45	Dibon-gad.	Dibongad.
Numbers 33:46	Dibon-gad,	Dibongad,
Numbers 33:46	Almon-diblathaim.	Almondiblathaim.
Numbers 33:47	Almon-diblathaim,	Almondiblathaim,
Numbers 33:49	Beth-jesimoth	Bethjesimoth
Numbers 33:49	Abel-shittim	Abelshittim
Numbers 34:4	Kadesh-barnea,	Kadeshbarnea,
Numbers 34:4	Hazar-addar,	Hazaraddar,
Numbers 34:9	Hazar-enan:	Hazarenan:
Numbers 34:10	Hazar-enan	Hazarenan
Deuteronomy 1:2	Kadesh-barnea.)	Kadeshbarnea.)
Deuteronomy 1:19	Kadesh-barnea.	Kadeshbarnea.
Deuteronomy 2:8	Ezion-gaber,	Eziongaber,
Deuteronomy 2:14	Kadesh-barnea,	Kadeshbarnea,
Deuteronomy 3:14	Bashan-havoth-jair,	Bashanhavothjair,
Deuteronomy 3:17	Ashdoth-pisgah	Ashdothpisgah
Deuteronomy 3:29	Beth-peor.	Bethpeor.
Deuteronomy 4:3	Baal-peor:	Baalpeor:
Deuteronomy 4:3	Baal-peor,	Baalpeor,
Deuteronomy 4:46	Beth-peor,	Bethpeor,
Deuteronomy 9:22	Kibroth-hattaavah,	Kibrothhattaavah,
Deuteronomy 9:23	Kadesh-barnea,	Kadeshbarnea,
Deuteronomy 11:24	your's:	yours:
Deuteronomy 34:6	Beth-peor:	Bethpeor:
Joshua 2:14	your's,	yours,
Joshua 7:2	Beth-aven,	Bethaven,
Joshua 7:2	Beth-el,	Bethel,
Joshua 8:9	Beth-el	Bethel
Joshua 8:12	Beth-el	Bethel
Joshua 8:17	Beth-el,	Bethel,
Joshua 9:17	Kirjath-jearim.	Kirjathjearim.
Joshua 10:1	Adoni-zedek	Adonizedek
Joshua 10:3	Adoni-zedek	Adonizedek
Joshua 10:10	Beth-horon,	Bethhoron,
Joshua 10:11	Beth-horon,	Bethhoron,
Joshua 10:41	Kadesh-barnea	Kadeshbarnea
Joshua 11:8	Misrephoth-maim,	Misrephothmaim,
Joshua 11:17	Baal-gad	Baalgad
Joshua 12:3	Beth-jeshimoth;	Bethjeshimoth;
Joshua 12:3	Ashdoth-pisgah:	Ashdothpisgah:
Joshua 12:7	Baal-gad	Baalgad
Joshua 12:9	Beth-el,	Bethel,
Joshua 12:16	Beth-el,	Bethel,
Joshua 12:20	Shimron-meron,	Shimronmeron,
Joshua 13:5	Baal-gad	Baalgad
Joshua 13:6	Misrephoth-maim,	Misrephothmaim,
Joshua 13:17	Bamoth-baal,	Bamothbaal,
Joshua 13:17	Beth-baal-meon,	Bethbaalmeon,
Joshua 13:19	Zareth-shahar	Zarethshahar
Joshua 13:20	Beth-peor,	Bethpeor,
Joshua 13:20	Ashdoth-pisgah,	Ashdothpisgah,
Joshua 13:20	Beth-jeshimoth,	Bethjeshimoth,
Joshua 13:26	Ramath-mizpeh,	Ramathmizpeh,
Joshua 13:27	Beth-aram,	Betharam,
Joshua 13:27	Beth-nimrah,	Bethnimrah,
Joshua 14:6	Kadesh-barnea.	Kadeshbarnea.
Joshua 14:7	Kadesh-barnea	Kadeshbarnea
Joshua 14:15	Kirjath-arba;	Kirjatharba;
Joshua 15:3	Maaleh-acrabbim,	Maalehacrabbim,
Joshua 15:3	Kadesh-barnea,	Kadeshbarnea,
Joshua 15:6	Beth-hogla,	Bethhogla,
Joshua 15:6	Beth-arabah;	Betharabah;
Joshua 15:7	En-shemesh,	Enshemesh,
Joshua 15:7	En-rogel:	Enrogel:
Joshua 15:9	Kirjath-jearim:	Kirjathjearim:
Joshua 15:10	Beth-shemesh,	Bethshemesh,
Joshua 15:15	Kirjath-sepher.	Kirjathsepher.
Joshua 15:16	Kirjath-sepher,	Kirjathsepher,
Joshua 15:27	Hazar-gaddah,	Hazargaddah,
Joshua 15:27	Beth-palet,	Bethpalet,
Joshua 15:28	Hazar-shual,	Hazarshual,
Joshua 15:28	Beer-sheba,	Beersheba,
Joshua 15:34	En-gannim,	Engannim,
Joshua 15:37	Migdal-gad,	Migdalgad,
Joshua 15:41	Beth-dagon,	Bethdagon,
Joshua 15:49	Kirjath-sannah,	Kirjathsannah,
Joshua 15:53	Beth-tappuah,	Bethtappuah,
Joshua 15:54	Kirjath-arba,	Kirjatharba,
Joshua 15:58	Beth-zur,	Bethzur,
Joshua 15:59	Beth-anoth,	Bethanoth,
Joshua 15:60	Kirjath-baal,	Kirjathbaal,
Joshua 15:60	Kirjath-jearim,	Kirjathjearim,
Joshua 15:61	Beth-arabah,	Betharabah,
Joshua 15:62	En-gedi;	Engedi;
Joshua 16:1	Beth-el,	Bethel,
Joshua 16:2	Beth-el	Bethel
Joshua 16:3	Beth-horon	Bethhoron
Joshua 16:5	Ataroth-addar,	Atarothaddar,
Joshua 16:5	Beth-horon	Bethhoron
Joshua 16:6	Taanath-shiloh,	Taanathshiloh,
Joshua 17:7	En-tappuah.	Entappuah.
Joshua 17:11	Beth-shean	Bethshean
Joshua 17:11	En-dor	Endor
Joshua 17:16	Beth-shean	Bethshean
Joshua 18:12	Beth-aven.	Bethaven.
Joshua 18:13	Beth-el,	Bethel,
Joshua 18:13	Ataroth-adar,	Atarothadar,
Joshua 18:13	Beth-horon.	Bethhoron.
Joshua 18:14	Beth-horon	Bethhoron
Joshua 18:14	Kirjath-baal,	Kirjathbaal,
Joshua 18:14	Kirjath-jearim,	Kirjathjearim,
Joshua 18:15	Kirjath-jearim,	Kirjathjearim,
Joshua 18:16	En-rogel,	Enrogel,
Joshua 18:17	En-shemesh,	Enshemesh,
Joshua 18:19	Beth-hoglah	Bethhoglah
Joshua 18:21	Beth-hoglah,	Bethhoglah,
Joshua 18:22	Beth-arabah,	Betharabah,
Joshua 18:22	Beth-el,	Bethel,
Joshua 18:24	Chephar-haammonai,	Chepharhaammonai,
Joshua 19:2	Beer-sheba,	Beersheba,
Joshua 19:3	Hazar-shual,	Hazarshual,
Joshua 19:5	Beth-marcaboth,	Bethmarcaboth,
Joshua 19:5	Hazar-susah,	Hazarsusah,
Joshua 19:6	Beth-lebaoth,	Bethlebaoth,
Joshua 19:8	Baalath-beer,	Baalathbeer,
Joshua 19:12	Chisloth-tabor,	Chislothtabor,
Joshua 19:13	Gittah-hepher,	Gittahhepher,
Joshua 19:13	Ittah-kazin,	Ittahkazin,
Joshua 19:13	Remmon-methoar	Remmonmethoar
Joshua 19:14	Jiphthah-el:	Jiphthahel:
Joshua 19:15	Beth-lehem:	Bethlehem:
Joshua 19:19	Haphraim,	Hapharaim,
Joshua 19:21	En-gannim,	Engannim,
Joshua 19:21	En-haddah,	Enhaddah,
Joshua 19:21	Beth-pazzez;	Bethpazzez;
Joshua 19:22	Beth-shemesh;	Bethshemesh;
Joshua 19:26	Shihor-libnath;	Shihorlibnath;
Joshua 19:27	Beth-dagon,	Bethdagon,
Joshua 19:27	Jiphthah-el	Jiphthahel
Joshua 19:27	Beth-emek,	Bethemek,
Joshua 19:34	Aznoth-tabor,	Aznothtabor,
Joshua 19:37	En-hazor,	Enhazor,
Joshua 19:38	Migdal-el,	Migdalel,
Joshua 19:38	Beth-anath,	Bethanath,
Joshua 19:38	Beth-shemesh;	Bethshemesh;
Joshua 19:41	Ir-shemesh,	Irshemesh,
Joshua 19:45	Bene-berak,	Beneberak,
Joshua 19:45	Gath-rimmon,	Gathrimmon,
Joshua 19:46	Me-jarkon,	Mejarkon,
Joshua 19:50	Timnath-serah	Timnathserah
Joshua 20:7	Kirjath-arba,	Kirjatharba,
Joshua 21:10	their's	theirs
Joshua 21:16	Beth-shemesh	Bethshemesh
Joshua 21:22	Beth-horon	Bethhoron
Joshua 21:24	Gath-rimmon	Gathrimmon
Joshua 21:25	Gath-rimmon	Gathrimmon
Joshua 21:27	Beesh-terah	Beeshterah
Joshua 21:29	En-gannim	Engannim
Joshua 21:32	Hammoth-dor	Hammothdor
Joshua 24:30	Timnath-serah,	Timnathserah,
Judges 1:5	Adoni-bezek	Adonibezek
Judges 1:6	Adoni-bezek	Adonibezek
Judges 1:7	Adoni-bezek	Adonibezek
Judges 1:10	Kirjath-arba:)	Kirjatharba:)
Judges 1:11	Kirjath-sepher:	Kirjathsepher:
Judges 1:12	Kirjath-sepher,	Kirjathsepher,
Judges 1:22	Beth-el:	Bethel:
Judges 1:23	Beth-el.	Bethel.
Judges 1:27	Beth-shean	Bethshean
Judges 1:33	Beth-shemesh,	Bethshemesh,
Judges 1:33	Beth-anath;	Bethanath;
Judges 1:33	Beth-shemesh	Bethshemesh
Judges 1:33	Beth-anath	Bethanath
Judges 2:9	Timnath-heres,	Timnathheres,
Judges 3:3	Baal-hermon	Baalhermon
Judges 3:8	Chushan-rishathaim	Chushanrishathaim
Judges 3:8	Chushan-rishathaim	Chushanrishathaim
Judges 3:10	Chushan-rishathaim	Chushanrishathaim
Judges 3:10	Chushan-rishathaim.	Chushanrishathaim.
Judges 4:5	Beth-el	Bethel
Judges 4:6	Kedesh-naphtali,	Kedeshnaphtali,
Judges 6:24	Jehovah-shalom:	Jehovahshalom:
Judges 7:22	Beth-shittah	Bethshittah
Judges 7:22	Abel-meholah,	Abelmeholah,
Judges 7:24	Beth-barah	Bethbarah
Judges 7:24	Beth-barah	Bethbarah
Judges 8:33	Baal-berith	Baalberith
Judges 9:4	Baal-berith,	Baalberith,
Judges 10:4	Havoth-jair	Havothjair
Judges 12:8	Beth-lehem	Bethlehem
Judges 12:10	Beth-lehem.	Bethlehem.
Judges 15:17	Ramath-lehi.	Ramathlehi.
Judges 15:19	En-hakkore,	Enhakkore,
Judges 17:7	Beth-lehem-judah	Bethlehemjudah
Judges 17:8	Beth-lehem-judah	Bethlehemjudah
Judges 17:9	Beth-lehem-judah,	Bethlehemjudah,
Judges 18:12	Kirjath-jearim,	Kirjathjearim,
Judges 18:12	Mahaneh-dan	Mahanehdan
Judges 18:12	Kirjath-jearim.	Kirjathjearim.
Judges 18:28	Beth-rehob.	Bethrehob.
Judges 19:1	Beth-lehem-judah.	Bethlehemjudah.
Judges 19:2	Beth-lehem-judah,	Bethlehemjudah,
Judges 19:18	Beth-lehem-judah	Bethlehemjudah
Judges 19:18	Beth-lehem-judah,	Bethlehemjudah,
Judges 20:1	Beer-sheba,	Beersheba,
Judges 20:33	Baal-tamar:	Baaltamar:
Judges 21:8	Jabesh-gilead	Jabeshgilead
Judges 21:9	Jabesh-gilead	Jabeshgilead
Judges 21:10	Jabesh-gilead	Jabeshgilead
Judges 21:12	Jabesh-gilead	Jabeshgilead
Judges 21:14	Jabesh-gilead:	Jabeshgilead:
Judges 21:19	Beth-el,	Bethel,
Judges 21:19	Beth-el	Bethel
Ruth 1:1	Beth-lehem-judah	Bethlehemjudah
Ruth 1:2	Beth-lehem-judah.	Bethlehemjudah.
Ruth 1:19	Beth-lehem.	Bethlehem.
Ruth 1:19	Beth-lehem,	Bethlehem,
Ruth 1:22	Beth-lehem	Bethlehem
Ruth 2:4	Beth-lehem,	Bethlehem,
Ruth 4:11	Beth-lehem:	Bethlehem:
1 Samuel 1:1	Ramathaim-zophim,	Ramathaimzophim,
1 Samuel 3:20	Beer-sheba	Beersheba
1 Samuel 4:1	Eben-ezer:	Ebenezer:
1 Samuel 4:21	I-chabod,	Ichabod,
1 Samuel 5:1	Eben-ezer	Ebenezer
1 Samuel 6:9	Beth-shemesh,	Bethshemesh,
1 Samuel 6:12	Beth-shemesh,	Bethshemesh,
1 Samuel 6:12	Beth-shemesh.	Bethshemesh.
1 Samuel 6:13	Beth-shemesh	Bethshemesh
1 Samuel 6:14	Beth-shemite,	Bethshemite,
1 Samuel 6:15	Beth-shemesh	Bethshemesh
1 Samuel 6:18	Beth-shemite.	Bethshemite.
1 Samuel 6:19	Beth-shemesh,	Bethshemesh,
1 Samuel 6:20	Beth-shemesh	Bethshemesh
1 Samuel 6:21	Kirjath-jearim,	Kirjathjearim,
1 Samuel 7:1	Kirjath-jearim	Kirjathjearim
1 Samuel 7:2	Kirjath-jearim,	Kirjathjearim,
1 Samuel 7:11	Beth-car.	Bethcar.
1 Samuel 7:12	Eben-ezer,	Ebenezer,
1 Samuel 7:16	Beth-el,	Bethel,
1 Samuel 8:2	Beer-sheba.	Beersheba.
1 Samuel 10:3	Beth-el,	Bethel,
1 Samuel 11:1	Jabesh-gilead:	Jabeshgilead:
1 Samuel 11:9	Jabesh-gilead,	Jabeshgilead,
1 Samuel 13:2	Beth-el,	Bethel,
1 Samuel 13:5	Beth-aven.	Bethaven.
1 Samuel 13:18	Beth-horon:	Bethhoron:
1 Samuel 14:3	I-chabod's	Ichabod's
1 Samuel 14:23	Beth-aven.	Bethaven.
1 Samuel 14:49	Melchi-shua:	Melchishua:
1 Samuel 16:1	Beth-lehemite:	Bethlehemite:
1 Samuel 16:4	Beth-lehem.	Bethlehem.
1 Samuel 16:18	Beth-lehemite,	Bethlehemite,
1 Samuel 17:1	Ephes-dammim.	Ephesdammim.
1 Samuel 17:12	Beth-lehem-judah,	Bethlehemjudah,
1 Samuel 17:15	Beth-lehem.	Bethlehem.
1 Samuel 17:58	Beth-lehemite.	Bethlehemite.
1 Samuel 20:6	Beth-lehem	Bethlehem
1 Samuel 20:28	Beth-lehem:	Bethlehem:
1 Samuel 23:29	En-gedi.	Engedi.
1 Samuel 24:1	En-gedi.	Engedi.
1 Samuel 28:7	En-dor.	Endor.
1 Samuel 30:27	Beth-el,	Bethel,
1 Samuel 31:2	Malchi-shua,	Malchishua,
1 Samuel 31:10	Beth-shan.	Bethshan.
1 Samuel 31:11	Jabesh-gilead	Jabeshgilead
1 Samuel 31:12	Beth-shan,	Bethshan,
2 Samuel 2:4	Jabesh-gilead	Jabeshgilead
2 Samuel 2:5	Jabesh-gilead,	Jabeshgilead,
2 Samuel 2:8	Ish-bosheth	Ishbosheth
2 Samuel 2:10	Ish-bosheth	Ishbosheth
2 Samuel 2:12	Ish-bosheth	Ishbosheth
2 Samuel 2:15	Ish-bosheth	Ishbosheth
2 Samuel 2:16	Helkath-hazzurim,	Helkathhazzurim,
2 Samuel 2:32	Beth-lehem.	Bethlehem.
2 Samuel 3:7	[Ish-bosheth]	[Ishbosheth]
2 Samuel 3:8	Ish-bosheth,	Ishbosheth,
2 Samuel 3:10	Beer-sheba.	Beersheba.
2 Samuel 3:14	Ish-bosheth	Ishbosheth
2 Samuel 3:15	Ish-bosheth	Ishbosheth
2 Samuel 4:5	Ish-bosheth,	Ishbosheth,
2 Samuel 4:8	Ish-bosheth	Ishbosheth
2 Samuel 4:8	Ish-bosheth	Ishbosheth
2 Samuel 4:12	Ish-bosheth,	Ishbosheth,
2 Samuel 5:20	Baal-perazim,	Baalperazim,
2 Samuel 5:20	Baal-perazim.	Baalperazim.
2 Samuel 6:8	Perez-uzzah	Perezuzzah
2 Samuel 6:10	Obed-edom	Obededom
2 Samuel 6:11	Obed-edom	Obededom
2 Samuel 6:11	Obed-edom,	Obededom,
2 Samuel 6:12	Obed-edom,	Obededom,
2 Samuel 6:12	Obed-edom	Obededom
2 Samuel 8:1	Metheg-ammah	Methegammah
2 Samuel 9:4	Lo-debar.	Lodebar.
2 Samuel 9:5	Lo-debar.	Lodebar.
2 Samuel 10:6	Beth-rehob,	Bethrehob,
2 Samuel 10:6	Ish-tob	Ishtob
2 Samuel 10:8	Ish-tob,	Ishtob,
2 Samuel 11:3	Bath-sheba,	Bathsheba,
2 Samuel 12:24	Bath-sheba	Bathsheba
2 Samuel 13:23	Baal-hazor,	Baalhazor,
2 Samuel 17:11	Beer-sheba,	Beersheba,
2 Samuel 17:17	En-rogel;	Enrogel;
2 Samuel 17:27	Lo-debar,	Lodebar,
2 Samuel 20:14	Beth-maachah,	Bethmaachah,
2 Samuel 20:15	Beth-maachah,	Bethmaachah,
2 Samuel 21:12	Jabesh-gilead,	Jabeshgilead,
2 Samuel 21:12	Beth-shan,	Bethshan,
2 Samuel 21:16	Ishbi-benob,	Ishbibenob,
2 Samuel 21:19	Jaare-oregim,	Jaareoregim,
2 Samuel 21:19	Beth-lehemite,	Bethlehemite,
2 Samuel 23:14	Beth-lehem.	Bethlehem.
2 Samuel 23:15	Beth-lehem,	Bethlehem,
2 Samuel 23:16	Beth-lehem,	Bethlehem,
2 Samuel 23:24	Beth-lehem,	Bethlehem,
2 Samuel 23:31	Abi-albon	Abialbon
2 Samuel 24:2	Beer-sheba,	Beersheba,
2 Samuel 24:6	Tahtim-hodshi;	Tahtimhodshi;
2 Samuel 24:6	Dan-jaan,	Danjaan,
2 Samuel 24:7	Beer-sheba.	Beersheba.
2 Samuel 24:15	Beer-sheba	Beersheba
1 Kings 1:9	En-rogel,	Enrogel,
1 Kings 1:11	Bath-sheba	Bathsheba
1 Kings 1:15	Bath-sheba	Bathsheba
1 Kings 1:16	Bath-sheba	Bathsheba
1 Kings 1:28	Bath-sheba.	Bathsheba.
1 Kings 1:31	Bath-sheba	Bathsheba
1 Kings 2:13	Bath-sheba	Bathsheba
1 Kings 2:18	Bath-sheba	Bathsheba
1 Kings 2:19	Bath-sheba	Bathsheba
1 Kings 4:9	Beth-shemesh,	Bethshemesh,
1 Kings 4:9	Elon-beth-hanan:	Elonbethhanan:
1 Kings 4:12	Beth-shean,	Bethshean,
1 Kings 4:12	Beth-shean	Bethshean
1 Kings 4:12	Abel-meholah,	Abelmeholah,
1 Kings 4:13	Ramoth-gilead;	Ramothgilead;
1 Kings 4:25	Beer-sheba,	Beersheba,
1 Kings 9:17	Beth-horon	Bethhoron
1 Kings 9:26	Ezion-geber,	Eziongeber,
1 Kings 12:29	Beth-el,	Bethel,
1 Kings 12:32	Beth-el,	Bethel,
1 Kings 12:32	Beth-el	Bethel
1 Kings 12:33	Beth-el	Bethel
1 Kings 13:1	Beth-el:	Bethel:
1 Kings 13:4	Beth-el,	Bethel,
1 Kings 13:10	Beth-el.	Bethel.
1 Kings 13:11	Beth-el;	Bethel;
1 Kings 13:11	Beth-el:	Bethel:
1 Kings 13:32	Beth-el,	Bethel,
1 Kings 15:18	Ben-hadad,	Benhadad,
1 Kings 15:20	Ben-hadad	Benhadad
1 Kings 15:20	Abel-beth-maachah,	Abelbethmaachah,
1 Kings 16:34	Beth-elite	Bethelite
1 Kings 19:3	Beer-sheba,	Beersheba,
1 Kings 20:1	Ben-hadad	Benhadad
1 Kings 20:2	Ben-hadad,	Benhadad,
1 Kings 20:5	Ben-hadad,	Benhadad,
1 Kings 20:9	Ben-hadad,	Benhadad,
1 Kings 20:10	Ben-hadad	Benhadad
1 Kings 20:12	[Ben-hadad]	[Benhadad]
1 Kings 20:16	Ben-hadad	Benhadad
1 Kings 20:17	Ben-hadad	Benhadad
1 Kings 20:20	Ben-hadad	Benhadad
1 Kings 20:26	Ben-hadad	Benhadad
1 Kings 20:30	Ben-hadad	Benhadad
1 Kings 20:32	Ben-hadad	Benhadad
1 Kings 20:33	Ben-hadad.	Benhadad.
1 Kings 20:33	Ben-hadad	Benhadad
1 Kings 20:34	[Ben-hadad]	[Benhadad]
1 Kings 22:3	our's,	ours,
1 Kings 22:4	Ramoth-gilead?	Ramothgilead?
1 Kings 22:6	Ramoth-gilead	Ramothgilead
1 Kings 22:12	Ramoth-gilead,	Ramothgilead,
1 Kings 22:15	Ramoth-gilead	Ramothgilead
1 Kings 22:20	Ramoth-gilead?	Ramothgilead?
1 Kings 22:29	Ramoth-gilead.	Ramothgilead.
1 Kings 22:48	Ezion-geber.	Eziongeber.
2 Kings 1:2	Baal-zebub	Baalzebub
2 Kings 1:3	Baal-zebub	Baalzebub
2 Kings 1:6	Baal-zebub	Baalzebub
2 Kings 1:16	Baal-zebub	Baalzebub
2 Kings 2:2	Beth-el.	Bethel.
2 Kings 2:2	Beth-el.	Bethel.
2 Kings 2:3	Beth-el	Bethel
2 Kings 2:23	Beth-el:	Bethel:
2 Kings 3:25	Kir-haraseth	Kirharaseth
2 Kings 4:42	Baal-shalisha,	Baalshalisha,
2 Kings 6:24	Ben-hadad	Benhadad
2 Kings 8:7	Ben-hadad	Benhadad
2 Kings 8:9	Ben-hadad	Benhadad
2 Kings 8:28	Ramoth-gilead;	Ramothgilead;
2 Kings 9:1	Ramoth-gilead:	Ramothgilead:
2 Kings 9:4	Ramoth-gilead.	Ramothgilead.
2 Kings 9:14	Ramoth-gilead,	Ramothgilead,
2 Kings 10:29	Beth-el,	Bethel,
2 Kings 12:1	Beer-sheba.	Beersheba.
2 Kings 13:3	Ben-hadad	Benhadad
2 Kings 13:24	Ben-hadad	Benhadad
2 Kings 13:25	Ben-hadad	Benhadad
2 Kings 14:11	Beth-shemesh,	Bethshemesh,
2 Kings 14:13	Beth-shemesh,	Bethshemesh,
2 Kings 14:25	Gath-hepher.	Gathhepher.
2 Kings 15:29	Tiglath-pileser	Tiglathpileser
2 Kings 15:29	Abel-beth-maachah,	Abelbethmaachah,
2 Kings 16:7	Tiglath-pileser	Tiglathpileser
2 Kings 16:10	Tiglath-pileser	Tiglathpileser
2 Kings 17:28	Beth-el,	Bethel,
2 Kings 17:30	Succoth-benoth,	Succothbenoth,
2 Kings 19:37	Esar-haddon	Esarhaddon
2 Kings 20:12	Berodach-baladan,	Berodachbaladan,
2 Kings 21:1	Hephzi-bah.	Hephzibah.
2 Kings 23:4	Beth-el.	Bethel.
2 Kings 23:8	Beer-sheba,	Beersheba,
2 Kings 23:11	Nathan-melech	Nathanmelech
2 Kings 23:15	Beth-el,	Bethel,
2 Kings 23:17	Beth-el.	Bethel.
2 Kings 23:19	Beth-el.	Bethel.
2 Kings 23:29	Pharaoh-nechoh	Pharaohnechoh
2 Kings 23:33	Pharaoh-nechoh	Pharaohnechoh
2 Kings 23:34	Pharaoh-nechoh	Pharaohnechoh
2 Kings 23:35	Pharaoh-nechoh.	Pharaohnechoh.
2 Kings 25:8	Nebuzar-adan,	Nebuzaradan,
2 Kings 25:11	Nebuzar-adan	Nebuzaradan
2 Kings 25:20	Nebuzar-adan	Nebuzaradan
2 Kings 25:27	Evil-merodach	Evilmerodach
1 Chronicles 1:1	Adam, Sheth,	Adam,Sheth,
1 Chronicles 1:49	Baal-hanan	Baalhanan
1 Chronicles 1:50	Baal-hanan	Baalhanan
1 Chronicles 2:24	Caleb-ephratah,	Calebephratah,
1 Chronicles 2:45	Beth-zur.	Bethzur.
1 Chronicles 2:47	Gesham,	Geshan,
1 Chronicles 2:49	Achsa.	Achsah.
1 Chronicles 2:50	Kirjath-jearim,	Kirjathjearim,
1 Chronicles 2:51	Beth-lehem,	Bethlehem,
1 Chronicles 2:51	Beth-gader.	Bethgader.
1 Chronicles 2:52	Kirjath-jearim	Kirjathjearim
1 Chronicles 2:53	Kirjath-jearim;	Kirjathjearim;
1 Chronicles 2:54	Beth-lehem,	Bethlehem,
1 Chronicles 3:5	Bath-shua	Bathshua
1 Chronicles 3:20	Jushab-hesed,	Jushabhesed,
1 Chronicles 4:4	Beth-lehem.	Bethlehem.
1 Chronicles 4:12	Beth-rapha,	Bethrapha,
1 Chronicles 4:12	Ir-nahash.	Irnahash.
1 Chronicles 4:20	Ben-hanan,	Benhanan,
1 Chronicles 4:20	Ben-zoheth.	Benzoheth.
1 Chronicles 4:22	Jashubi-lehem.	Jashubilehem.
1 Chronicles 4:28	Beer-sheba,	Beersheba,
1 Chronicles 4:28	Hazar-shual,	Hazarshual,
1 Chronicles 4:31	Beth-marcaboth,	Bethmarcaboth,
1 Chronicles 4:31	Hazar-susim,	Hazarsusim,
1 Chronicles 4:31	Beth-birei,	Bethbirei,
1 Chronicles 5:6	Tilgath-pilneser	Tilgathpilneser
1 Chronicles 5:8	Baal-meon:	Baalmeon:
1 Chronicles 5:23	Baal-hermon	Baalhermon
1 Chronicles 5:26	Tilgath-pilneser	Tilgathpilneser
1 Chronicles 6:54	their's	theirs
1 Chronicles 6:59	Beth-shemesh	Bethshemesh
1 Chronicles 6:68	Beth-horon	Bethhoron
1 Chronicles 6:69	Gath-rimmon	Gathrimmon
1 Chronicles 7:19	Shemidah	Shemida
1 Chronicles 7:24	Beth-horon	Bethhoron
1 Chronicles 7:24	Uzzen-sherah.)	Uzzensherah.)
1 Chronicles 7:28	Beth-el	Bethel
1 Chronicles 7:29	Beth-shean	Bethshean
1 Chronicles 8:33	Malchi-shua,	Malchishua,
1 Chronicles 8:33	Esh-baal.	Eshbaal.
1 Chronicles 8:34	Merib-baal;	Meribbaal;
1 Chronicles 8:34	Merib-baal	Meribbaal
1 Chronicles 9:39	Malchi-shua,	Malchishua,
1 Chronicles 9:39	Esh-baal.	Eshbaal.
1 Chronicles 9:40	Merib-baal:	Meribbaal:
1 Chronicles 9:40	Merib-baal	Meribbaal
1 Chronicles 10:2	Malchi-shua,	Malchishua,
1 Chronicles 10:11	Jabesh-gilead	Jabeshgilead
1 Chronicles 11:13	Pas-dammim,	Pasdammim,
1 Chronicles 11:16	Beth-lehem.	Bethlehem.
1 Chronicles 11:17	Beth-lehem,	Bethlehem,
1 Chronicles 11:18	Beth-lehem,	Bethlehem,
1 Chronicles 11:26	Beth-lehem,	Bethlehem,
1 Chronicles 13:5	Kirjath-jearim.	Kirjathjearim.
1 Chronicles 13:6	Kirjath-jearim,	Kirjathjearim,
1 Chronicles 13:11	Perez-uzza	Perezuzza
1 Chronicles 13:13	Obed-edom	Obededom
1 Chronicles 13:14	Obed-edom	Obededom
1 Chronicles 13:14	Obed-edom,	Obededom,
1 Chronicles 14:11	Baal-perazim;	Baalperazim;
1 Chronicles 14:11	Baal-perazim.	Baalperazim.
1 Chronicles 15:18	Obed-edom,	Obededom,
1 Chronicles 15:21	Obed-edom,	Obededom,
1 Chronicles 15:24	Obed-edom	Obededom
1 Chronicles 15:25	Obed-edom	Obededom
1 Chronicles 16:5	Obed-edom:	Obededom:
1 Chronicles 16:38	Obed-edom	Obededom
1 Chronicles 16:38	Obed-edom	Obededom
1 Chronicles 18:6	Syria-damascus;	Syriadamascus;
1 Chronicles 19:6	Syria-maachah,	Syriamaachah,
1 Chronicles 21:2	Beer-sheba	Beersheba
1 Chronicles 25:4	Romamti-ezer,	Romamtiezer,
1 Chronicles 25:31	Romamti-ezer,	Romamtiezer,
1 Chronicles 26:4	Obed-edom	Obededom
1 Chronicles 26:8	Obed-edom:	Obededom:
1 Chronicles 26:8	Obed-edom.	Obededom.
1 Chronicles 26:15	Obed-edom	Obededom
1 Chronicles 27:28	Baal-hanan	Baalhanan
2 Chronicles 1:4	Kirjath-jearim	Kirjathjearim
2 Chronicles 2:16	flotes	floats
2 Chronicles 8:3	Hamath-zobah,	Hamathzobah,
2 Chronicles 8:5	Beth-horon	Bethhoron
2 Chronicles 8:5	Beth-horon	Bethhoron
2 Chronicles 8:17	Ezion-geber,	Eziongeber,
2 Chronicles 11:6	Beth-lehem,	Bethlehem,
2 Chronicles 11:7	Beth-zur,	Bethzur,
2 Chronicles 13:19	Beth-el	Bethel
2 Chronicles 16:2	Ben-hadad	Benhadad
2 Chronicles 16:4	Ben-hadad	Benhadad
2 Chronicles 16:4	Abel-maim,	Abelmaim,
2 Chronicles 18:2	Ramoth-gilead.	Ramothgilead.
2 Chronicles 18:3	Ramoth-gilead?	Ramothgilead?
2 Chronicles 18:5	Ramoth-gilead	Ramothgilead
2 Chronicles 18:11	Ramoth-gilead,	Ramothgilead,
2 Chronicles 18:12	their's,	theirs,
2 Chronicles 18:14	Ramoth-gilead	Ramothgilead
2 Chronicles 18:19	Ramoth-gilead?	Ramothgilead?
2 Chronicles 18:28	Ramoth-gilead.	Ramothgilead.
2 Chronicles 19:4	Beer-sheba	Beersheba
2 Chronicles 20:2	Hazazon-tamar,	Hazazontamar,
2 Chronicles 20:2	En-gedi.	Engedi.
2 Chronicles 20:15	your's,	yours,
2 Chronicles 20:36	Ezion-geber.	Eziongeber.
2 Chronicles 22:5	Ramoth-gilead:	Ramothgilead:
2 Chronicles 24:1	Beer-sheba.	Beersheba.
2 Chronicles 25:13	Beth-horon,	Bethhoron,
2 Chronicles 25:21	Beth-shemesh,	Bethshemesh,
2 Chronicles 25:23	Beth-shemesh,	Bethshemesh,
2 Chronicles 25:24	Obed-edom,	Obededom,
2 Chronicles 28:18	Beth-shemesh,	Bethshemesh,
2 Chronicles 28:20	Tilgath-pilneser	Tilgathpilneser
2 Chronicles 30:5	Beer-sheba	Beersheba
Ezra 2:6	Pahath-moab,	Pahathmoab,
Ezra 2:21	Beth-lehem,	Bethlehem,
Ezra 2:25	Kirjath-arim,	Kirjatharim,
Ezra 2:28	Beth-el	Bethel
Ezra 2:59	Tel-melah, Tel-harsa,	Telmelah, Telharsa,
Ezra 4:2	Esar-haddon	Esarhaddon
Ezra 5:3	Shethar-boznai,	Shetharboznai,
Ezra 5:6	Shethar-boznai,	Shetharboznai,
Ezra 6:6	Shethar-boznai,	Shetharboznai,
Ezra 6:13	Shethar-boznai,	Shetharboznai,
Ezra 8:4	Pahath-moab;	Pahathmoab;
Ezra 10:30	Pahath-moab;	Pahathmoab;
Nehemiah 3:11	Pahath-moab,	Pahathmoab,
Nehemiah 3:14	Beth-haccerem;	Bethhaccerem;
Nehemiah 3:15	Col-hozeh,	Colhozeh,
Nehemiah 3:16	Beth-zur,	Bethzur,
Nehemiah 7:11	Pahath-moab,	Pahathmoab,
Nehemiah 7:26	Beth-lehem	Bethlehem
Nehemiah 7:28	Beth-azmaveth,	Bethazmaveth,
Nehemiah 7:29	Kirjath-jearim,	Kirjathjearim,
Nehemiah 7:32	Beth-el	Bethel
Nehemiah 7:61	Tel-melah, Tel-haresha,	Telmelah, Telharesha,
Nehemiah 10:14	Pahath-moab,	Pahathmoab,
Nehemiah 11:5	Col-hozeh,	Colhozeh,
Nehemiah 11:25	Kirjath-arba,	Kirjatharba,
Nehemiah 11:26	Beth-phelet,	Bethphelet,
Nehemiah 11:27	Hazar-shual,	Hazarshual,
Nehemiah 11:27	Beer-sheba,	Beersheba,
Nehemiah 11:29	En-rimmon,	Enrimmon,
Nehemiah 11:30	Beer-sheba	Beersheba
Nehemiah 11:31	Beth-el,	Bethel,
Job 6:1	answered and	answeredand
Job 9:1	answered and	answeredand
Job 9:32	[am,	[am],[
Job 10:20	[then,	[then],[
Job 11:18	thee,	thee],[
Job 16:1	answered and	answeredand
Job 19:1	answered and	answeredand
Job 24:17	[them,	[them],[
Job 31:35	[is,	[is],[
Job 42:14	Keren-happuch.	Kerenhappuch.
Psalms 83:10	En-dor:	Endor:
Psalms 106:28	Baal-peor,	Baalpeor,
Song of Solomon 1:14	En-gedi.	Engedi.
Song of Solomon 7:4	Bath-rabbim:	Bathrabbim:
Song of Solomon 8:11	Baal-hamon;	Baalhamon;
Isaiah 7:3	Shear-jashub	Shearjashub
Isaiah 8:1	Maher-shalal-hash-baz.	Mahershalalhashbaz.
Isaiah 8:3	Maher-shalal-hash-baz.	Mahershalalhashbaz.
Isaiah 15:8	Beer-elim.	Beerelim.
Isaiah 16:7	Kir-hareseth	Kirhareseth
Isaiah 16:11	Kir-haresh.	Kirharesh.
Isaiah 37:38	Esar-haddon	Esarhaddon
Isaiah 39:1	Merodach-baladan,	Merodachbaladan,
Isaiah 62:4	Hephzi-bah,	Hephzibah,
Jeremiah 2:22	sope,	soap,
Jeremiah 5:19	your's.	yours.
Jeremiah 6:1	Beth-haccerem:	Bethhaccerem:
Jeremiah 20:3	Magor-missabib.	Magormissabib.
Jeremiah 26:20	Kirjath-jearim,	Kirjathjearim,
Jeremiah 38:7	Ebed-melech	Ebedmelech
Jeremiah 38:8	Ebed-melech	Ebedmelech
Jeremiah 38:10	Ebed-melech	Ebedmelech
Jeremiah 38:11	Ebed-melech	Ebedmelech
Jeremiah 38:12	Ebed-melech	Ebedmelech
Jeremiah 39:3	Nergal-sharezer, Samgar-nebo,	Nergalsharezer, Samgarnebo,
Jeremiah 39:3	Rab-saris, Nergal-sharezer, Rab-mag,	Rabsaris, Nergalsharezer, Rabmag,
Jeremiah 39:9	Nebuzar-adan	Nebuzaradan
Jeremiah 39:10	Nebuzar-adan	Nebuzaradan
Jeremiah 39:11	Nebuzar-adan	Nebuzaradan
Jeremiah 39:13	Nebuzar-adan	Nebuzaradan
Jeremiah 39:13	Rab-saris,	Rabsaris,
Jeremiah 39:13	Nergal-sharezer, Rab-mag,	Nergalsharezer, Rabmag,
Jeremiah 39:16	Ebed-melech	Ebedmelech
Jeremiah 40:1	Nebuzar-adan	Nebuzaradan
Jeremiah 41:10	Nebuzar-adan	Nebuzaradan
Jeremiah 41:17	Beth-lehem,	Bethlehem,
Jeremiah 43:6	Nebuzar-adan	Nebuzaradan
Jeremiah 43:13	Beth-shemesh,	Bethshemesh,
Jeremiah 44:28	their's.	theirs.
Jeremiah 44:30	Pharaoh-hophra	Pharaohhophra
Jeremiah 46:2	Pharaoh-necho	Pharaohnecho
Jeremiah 48:13	Beth-el	Bethel
Jeremiah 48:22	Beth-diblathaim,	Bethdiblathaim,
Jeremiah 48:23	Beth-gamul,	Bethgamul,
Jeremiah 48:23	Beth-meon,	Bethmeon,
Jeremiah 48:31	Kir-heres.	Kirheres.
Jeremiah 48:36	Kir-heres:	Kirheres:
Jeremiah 49:27	Ben-hadad.	Benhadad.
Jeremiah 52:12	Nebuzar-adan,	Nebuzaradan,
Jeremiah 52:15	Nebuzar-adan	Nebuzaradan
Jeremiah 52:16	Nebuzar-adan	Nebuzaradan
Jeremiah 52:26	Nebuzar-adan	Nebuzaradan
Jeremiah 52:30	Nebuzar-adan	Nebuzaradan
Jeremiah 52:31	Evil-merodach	Evilmerodach
Ezekiel 3:15	Tel-abib,	Telabib,
Ezekiel 4:10	[shall be]	[shall] [be]
Ezekiel 7:11	their's:	theirs:
Ezekiel 25:9	Beth-jeshimoth, Baal-meon,	Bethjeshimoth, Baalmeon,
Ezekiel 30:17	Pi-beseth	Pibeseth
Ezekiel 36:2	our's	ours
Ezekiel 39:11	Hamon-gog.	Hamongog.
Ezekiel 39:15	Hamon-gog.	Hamongog.
Ezekiel 44:29	their's.	theirs.
Ezekiel 47:3	ancles.	ankles.
Ezekiel 47:10	En-gedi	Engedi
Ezekiel 47:10	En-eglaim;	Eneglaim;
Ezekiel 47:16	Hazar-hatticon,	Hazarhatticon,
Ezekiel 47:17	Hazar-enan,	Hazarenan,
Ezekiel 48:1	Hazar-enan,	Hazarenan,
Daniel 1:7	Abed-nego.	Abednego.
Daniel 2:49	Abed-nego,	Abednego,
Daniel 3:12	Abed-nego;	Abednego;
Daniel 3:13	Abed-nego.	Abednego.
Daniel 3:14	Abed-nego,	Abednego,
Daniel 3:16	Abed-nego,	Abednego,
Daniel 3:19	Abed-nego:	Abednego:
Daniel 3:20	Abed-nego,	Abednego,
Daniel 3:22	Abed-nego.	Abednego.
Daniel 3:23	Abed-nego,	Abednego,
Daniel 3:26	Abed-nego,	Abednego,
Daniel 3:26	Abed-nego,	Abednego,
Daniel 3:28	Abed-nego,	Abednego,
Daniel 3:29	Abed-nego,	Abednego,
Daniel 3:30	Abed-nego,	Abednego,
Hosea 1:6	Lo-ruhamah:	Loruhamah:
Hosea 1:8	Lo-ruhamah,	Loruhamah,
Hosea 1:9	Lo-ammi:	Loammi:
Hosea 4:15	Beth-aven,	Bethaven,
Hosea 5:8	Beth-aven,	Bethaven,
Hosea 9:10	Baal-peor,	Baalpeor,
Hosea 10:5	Beth-aven:	Bethaven:
Hosea 10:14	Beth-arbel	Betharbel
Hosea 10:15	Beth-el	Bethel
Hosea 12:4	Beth-el,	Bethel,
Amos 1:4	Ben-hadad.	Benhadad.
Amos 3:14	Beth-el:	Bethel:
Amos 4:4	Beth-el,	Bethel,
Amos 5:5	Beth-el,	Bethel,
Amos 5:5	Beer-sheba:	Beersheba:
Amos 5:5	Beth-el	Bethel
Amos 5:6	Beth-el.	Bethel.
Amos 7:10	Beth-el	Bethel
Amos 7:13	Beth-el:	Bethel:
Amos 8:14	Beer-sheba	Beersheba
Micah 1:11	Beth-ezel;	Bethezel;
Micah 1:14	Moresheth-gath:	Moreshethgath:
Micah 5:2	Beth-lehem	Bethlehem
Habakkuk 1:6	their's.	theirs.
Zechariah 7:2	Regem-melech,	Regemmelech,
Malachi 3:2	sope:	soap:
Matthew 5:3	their's	theirs
Matthew 5:10	their's	theirs
Matthew 16:17	Bar-jona:	Barjona:
Mark 12:7	our's.	ours.
Mark 14:19	[said,	[said],[
Luke 6:20	your's	yours
Luke 20:14	our's.	ours.
John 15:20	your's	yours
Acts 3:7	ancle	ankle
Acts 13:6	Bar-jesus:	Barjesus:
1 Corinthians 1:2	their's	theirs
1 Corinthians 1:2	our's:	ours:
1 Corinthians 3:21	your's;	yours;
1 Corinthians 3:22	your's;	yours;
1 Corinthians 8:9	your's	yours
1 Corinthians 16:18	your's:	yours:
2 Corinthians 1:14	our's	ours
2 Corinthians 12:14	your's,	yours,
2 Timothy 3:9	their's	theirs
Titus 3:14	our's	ours
1 John 2:2	our's	ours
